,,,,,,,,,,,,,,,Date From:,Sep-1
,,,,,,,,,,,,,,,Date To:,Sep-1
,,,,,,,,,,,,,,,← Change dates to refresh the report,
ESP,Domain,Delivered,Soft Bounce,Hard Bounce,Open,Open Rate,Click,Click-to-open Rate,Click Rate,Complaint,Unsubscribe/Blocked,Registration,Players,Throttling (emails per domain per hour),,
MLJ (Mailjet),,,,,,,,,,,,,,,,
IP 1,,,,,,,,,,,,,,,,
,Hotmail,8,0,0,1,12.50%,0,0.00%,0.00%,0,0,,,,,
,Outlook,6,0,0,0,0.00%,0,0.00%,0.00%,0,0,,,,,
,Gmail,432,3,0,144,33.33%,18,12.50%,4.17%,0,6,4,1,,,
,Yahoo,32,0,0,0,0.00%,0,0.00%,0.00%,0,0,,,,,
,Aol,5,0,0,0,0.00%,0,0.00%,0.00%,0,0,,,,,
,iCloud,15,3,0,0,0.00%,0,0.00%,0.00%,0,0,,,,,
,Other,6,0,0,2,33.33%,0,0.00%,0.00%,0,0,,,,,
,TOTAL,504,6,0,147,29.17%,18,12.24%,3.57%,0,6,4,1,,,
IP 2,,,,,,,,,,,,,,,,
,Hotmail,7,0,0,0,0.00%,0,0.00%,0.00%,0,0,,,,,
,Outlook,3,0,0,0,0.00%,0,0.00%,0.00%,0,0,,,,,
,Gmail,429,2,0,141,32.87%,14,9.93%,3.26%,0,7,1,,,,
,Yahoo,47,0,0,0,0.00%,0,0.00%,0.00%,0,0,,,,,
,Aol,3,0,0,0,0.00%,0,0.00%,0.00%,0,0,,,,,
,iCloud,8,1,0,0,0.00%,0,0.00%,0.00%,0,0,,,,,
,Other,6,1,0,1,16.67%,0,0.00%,0.00%,0,0,,,,,
,TOTAL,503,4,0,142,28.23%,14,9.86%,2.78%,0,7,1,0,,,
IP 3 / SH,,,,,,,,,,,,,,,,
,Hotmail,26,0,0,0,0.00%,0,0.00%,0.00%,0,1,,,,,
,Outlook,32,0,0,0,0.00%,0,0.00%,0.00%,0,0,,,,,
,Gmail,"2,189",0,1,27,1.23%,5,18.52%,0.23%,0,4,1,,,,
,Yahoo,150,1,0,20,13.33%,0,0.00%,0.00%,0,1,,,,,
,Aol,20,0,0,3,15.00%,1,33.33%,5.00%,0,1,,,,,
,iCloud,62,1,0,6,9.68%,3,50.00%,4.84%,0,0,,,,,
,Other,16,0,0,3,18.75%,1,33.33%,6.25%,0,1,,,,,
,TOTAL,"2,495",2,1,59,2.36%,10,16.95%,0.40%,0,8,1,0,,,
,,,,,,,,,,,,,,,,
SEG (Sendgrid),,,,,,,,,,,,,,,,
IP 1,,,,,,,,,,,,,,,,
,Outlook,56,0,0,11,19.64%,2,18.18%,3.57%,0,0,,,,,
,Hotmail,0,0,0,0,0.00%,0,0.00%,0.00%,0,0,,,,,
,Gmail,"1,803",0,0,67,3.72%,20,29.85%,1.11%,0,0,3,,,,
,Yahoo,188,0,2,8,4.26%,0,0.00%,0.00%,0,0,,,,,
,iCloud,52,0,0,33,63.46%,1,3.03%,1.92%,0,0,,,,,
,Aol,0,0,0,0,0.00%,0,0.00%,0.00%,0,0,,,,,
,Other,860,0,5,8,0.93%,1,12.50%,0.12%,0,0,,,,,
,TOTAL,"2,959",0,7,127,4.29%,24,18.90%,0.81%,0,0,3,0,,,
IP 2 / SH,,,,,,,,,,,,,,,,
,Outlook,123,0,0,13,10.57%,4,30.77%,3.25%,0,0,,,,,
,Hotmail,0,0,0,0,0.00%,0,0.00%,0.00%,0,0,,,,,
,Gmail,"4,328",0,2,"1,003",23.17%,303,30.21%,7.00%,0,0,95,4,,,
,Yahoo,354,0,0,32,9.04%,4,12.50%,1.13%,0,0,,,,,
,iCloud,119,0,0,14,11.76%,6,42.86%,5.04%,0,0,,,,,
,Aol,0,0,0,0,0.00%,0,0.00%,0.00%,0,0,,,,,
,Other,"1,376",0,1,6,0.44%,2,33.33%,0.15%,0,0,,,,,
,TOTAL,"6,300",0,3,"1,068",16.95%,319,29.87%,5.06%,0,0,95,4,,,
,,,,,,,,,,,,,,,,
CAM (Campaigner),,,,,,,,,,,,,,,,
IP 1,,,,,,,,,,,,,,,,
,Hotmail,0,0,0,0,0.00%,0,0.00%,0.00%,0,0,,,,,
,Outlook,0,0,0,0,0.00%,0,0.00%,0.00%,0,0,,,,,
,Gmail,0,0,0,0,0.00%,0,0.00%,0.00%,0,0,,,,,
,Yahoo,0,0,0,0,0.00%,0,0.00%,0.00%,0,0,,,,,
,Aol,0,0,0,0,0.00%,0,0.00%,0.00%,0,0,,,,,
,iCloud,0,0,0,0,0.00%,0,0.00%,0.00%,0,0,,,,,
,Other,0,0,0,0,0.00%,0,0.00%,0.00%,0,0,,,,,
,TOTAL,0,0,0,0,0.00%,0,0.00%,0.00%,0,0,,,,,
,,,,,,,,,,,,,,,,
SMPT,,,,,,,,,,,,,,,,
IP 1,,,,,,,,,,,,,,,,
,Hotmail,0,0,0,0,0.00%,0,0.00%,0.00%,0,0,,,,,
,Outlook,0,0,0,0,0.00%,0,0.00%,0.00%,0,0,,,,,
,Gmail,0,0,0,0,0.00%,0,0.00%,0.00%,0,0,,,,,
,Yahoo,0,0,0,0,0.00%,0,0.00%,0.00%,0,0,,,,,
,Aol,0,0,0,0,0.00%,0,0.00%,0.00%,0,0,,,,,
,iCloud,0,0,0,0,0.00%,0,0.00%,0.00%,0,0,,,,,
,Other,0,0,0,0,0.00%,0,0.00%,0.00%,0,0,,,,,
,TOTAL,0,0,0,0,0.00%,0,0.00%,0.00%,0,0,,,,,
IP 2,,,,,,,,,,,,,,,,
,Hotmail,0,0,0,0,0.00%,0,0.00%,0.00%,0,0,,,,,
,Outlook,0,0,0,0,0.00%,0,0.00%,0.00%,0,0,,,,,
,Gmail,0,0,0,0,0.00%,0,0.00%,0.00%,0,0,,,,,
,Yahoo,0,0,0,0,0.00%,0,0.00%,0.00%,0,0,,,,,
,Aol,0,0,0,0,0.00%,0,0.00%,0.00%,0,0,,,,,
,iCloud,0,0,0,0,0.00%,0,0.00%,0.00%,0,0,,,,,
,Other,0,0,0,0,0.00%,0,0.00%,0.00%,0,0,,,,,
,TOTAL,0,0,0,0,0.00%,0,0.00%,0.00%,0,0,,,,,
IP 3,,,,,,,,,,,,,,,,
,Hotmail,0,0,0,0,0.00%,0,0.00%,0.00%,0,0,,,,,
,Outlook,0,0,0,0,0.00%,0,0.00%,0.00%,0,0,,,,,
,Gmail,0,0,0,0,0.00%,0,0.00%,0.00%,0,0,,,,,
,Yahoo,0,0,0,0,0.00%,0,0.00%,0.00%,0,0,,,,,
,Aol,0,0,0,0,0.00%,0,0.00%,0.00%,0,0,,,,,
,iCloud,0,0,0,0,0.00%,0,0.00%,0.00%,0,0,,,,,
,Other,0,0,0,0,0.00%,0,0.00%,0.00%,0,0,,,,,
,TOTAL,0,0,0,0,0.00%,0,0.00%,0.00%,0,0,,,,,
,,,,,,,,,,,,,,,,
GRAND TOTAL,,"12,761",12,11,"1,543",12.09%,385,24.95%,3.02%,0,21,104,5,,,